{
    "directory": [],
    "sql_file": "",
    "files": [
      {
          "root_directory"    : "update/update_3.5/models/Crud_model.php",
          "update_directory"  : "application/models/Crud_model.php"
      },
      {
          "root_directory"    : "update/update_3.5/models/User_model.php",
          "update_directory"  : "application/models/User_model.php"
      },
      {
          "root_directory"    : "update/update_3.5/models/Addon_model.php",
          "update_directory"  : "application/models/Addon_model.php"
      },
      {
          "root_directory"    : "update/update_3.5/views/admin/lesson_add.php",
          "update_directory"  : "application/views/backend/admin/lesson_add.php"
      },
      {
          "root_directory"    : "update/update_3.5/views/admin/lesson_edit.php",
          "update_directory"  : "application/views/backend/admin/lesson_edit.php"
      },
      {
          "root_directory"    : "update/update_3.5/views/admin/navigation.php",
          "update_directory"  : "application/views/backend/admin/navigation.php"
      },
      {
          "root_directory"    : "update/update_3.5/views/user/lesson_add.php",
          "update_directory"  : "application/views/backend/user/lesson_add.php"
      },
      {
          "root_directory"    : "update/update_3.5/views/user/lesson_edit.php",
          "update_directory"  : "application/views/backend/user/lesson_edit.php"
      },
      {
          "root_directory"    : "update/update_3.5/views/lessons/course_content_body.php",
          "update_directory"  : "application/views/lessons/course_content_body.php"
      },
      {
          "root_directory"    : "update/update_3.5/views/frontend/footer.php",
          "update_directory"  : "application/views/frontend/default/footer.php"
      }
    ]
  }
